,BPM,Bends per 60.00 s,Speed,Max speed,Dist per bend,Area,Appears in frames,Moving (non-paralyzed),Region,Round ratio,Eccentricity
0,4.918032786885246,4.918032786885246,0.15015271333777122,0.1948197656612838,0.1261330229950587,26.82,62.0,True,['all'],0.0,0.978692544952215
