,BPM,Bends per 67.53 s,Speed,Max speed,Dist per bend,Area,Appears in frames,Moving (non-paralyzed),Region,Round ratio,Eccentricity
0,0.0,0.0,0.5508578066348085,0.6589793600871413,,16.78,210.0,True,['all'],0.0,0.9734826755247336
2,0.0,0.0,0.19319361681103478,0.23454145722313358,,17.32,59.0,True,['all'],0.6101694915254237,0.9007958454865719
11,15.789473684210526,17.7719298245614,0.08788662239060803,0.08857478771676969,0.0,11.16,51.0,True,['all'],0.7758620689655172,0.827921773137662
12,0.0,0.0,0.05008588637969807,0.05616075170782207,,13.84,53.0,False,['all'],0.0,0.9768456900354329
13,0.0,0.0,0.15253032293295957,0.3316874075538851,,17.52,111.0,True,['all'],0.0,0.9743138360366604
17,26.08695652173913,29.362318840579707,0.21680135810266743,0.3727117708759478,0.0,17.36,68.0,True,['all'],0.0,0.9570547835487515
23,30.508474576271183,34.33898305084745,0.413698345010643,0.413698345010643,0.0,16.84,50.0,True,['all'],0.2666666666666667,0.9557831815967853
