,BPM,Bends per 73.27 s,Speed,Max speed,Dist per bend,Area,Appears in frames,Moving (non-paralyzed),Region,Round ratio,Eccentricity
2,6.122448979591837,7.476190476190475,0.12268908174617335,0.46239072715774415,0.018019552337641655,9.02,148.0,True,['all'],0.41891891891891897,0.9226740026625556
11,13.567839195979898,16.567839195979897,0.10806469071349455,0.139579804173437,0.0925049180316333,17.06,200.0,True,['all'],0.4,0.9201173588917066
28,16.9811320754717,20.735849056603772,0.14550922940800298,0.14972073867349525,0.0,22.34,54.0,True,['all'],0.16666666666666663,0.9529776006157907
30,0.0,0.0,0.12342945580114664,0.13726166767384812,,22.44,63.0,True,['all'],0.0,0.969661562973832
43,14.285714285714285,17.444444444444443,0.2236003080590083,0.23066732417964386,0.0,13.94,64.0,True,['all'],0.21875,0.9361630440913834
49,6.976744186046512,8.519379844961241,0.5480586092617362,0.5818376078345538,0.0,7.2,127.0,True,['all'],0.19999999999999996,0.9502934347839724
61,0.0,0.0,0.48395452987916426,0.5058430075445974,,15.34,56.0,True,['all'],0.0,0.9584495396907216
62,0.0,0.0,0.06258281835427078,0.11915795005057533,,7.62,72.0,False,['all'],0.7534246575342466,0.9070357496868333
